{"Voicing Recall": 0.9829809179989686, "Voicing False Alarm": 0.07241503542692446, "Raw Pitch Accuracy": 0.8983643999115892, "Raw Chroma Accuracy": 0.8983643999115892, "Overall Accuracy": 0.8983452203084036}