{"Voicing Recall": 0.9727523116269919, "Voicing False Alarm": 0.05405405405405406, "Raw Pitch Accuracy": 0.8420224277001771, "Raw Chroma Accuracy": 0.8433012000786937, "Overall Accuracy": 0.8665834546841412}