{"Voicing Recall": 0.9843994129065858, "Voicing False Alarm": 0.005156411137848058, "Raw Pitch Accuracy": 0.9489607499644903, "Raw Chroma Accuracy": 0.9586667297949908, "Overall Accuracy": 0.9725393969136812}