{"Voicing Recall": 0.983942735538789, "Voicing False Alarm": 0.01100482519258444, "Raw Pitch Accuracy": 0.9591520879971257, "Raw Chroma Accuracy": 0.95937318630296, "Overall Accuracy": 0.9701627991399291}