{"Voicing Recall": 0.9723257051623204, "Voicing False Alarm": 0.04205400619743249, "Raw Pitch Accuracy": 0.8121341138903673, "Raw Chroma Accuracy": 0.8139968068121342, "Overall Accuracy": 0.8585673923882333}