{"Voicing Recall": 0.9708012481035124, "Voicing False Alarm": 0.009523465964431297, "Raw Pitch Accuracy": 0.893338676895772, "Raw Chroma Accuracy": 0.8944264735350528, "Overall Accuracy": 0.9319117694001979}