{"Voicing Recall": 0.9692757253183052, "Voicing False Alarm": 0.005608168879953442, "Raw Pitch Accuracy": 0.8990189939469839, "Raw Chroma Accuracy": 0.8993320809851806, "Overall Accuracy": 0.9481135231758959}