{"Voicing Recall": 0.9971728118741902, "Voicing False Alarm": 0.13679745493107104, "Raw Pitch Accuracy": 0.9842148662975615, "Raw Chroma Accuracy": 0.9842148662975615, "Overall Accuracy": 0.9696776929601357}