{"Voicing Recall": 0.9861175848124866, "Voicing False Alarm": 0.0186638883400097, "Raw Pitch Accuracy": 0.9726256912863279, "Raw Chroma Accuracy": 0.9726760811781157, "Overall Accuracy": 0.9724398370973714}