{"Voicing Recall": 0.9873608290735942, "Voicing False Alarm": 0.015145058187182429, "Raw Pitch Accuracy": 0.9732861844408655, "Raw Chroma Accuracy": 0.9732861844408655, "Overall Accuracy": 0.9760441532496995}