{"Voicing Recall": 0.9759598293636687, "Voicing False Alarm": 0.02361322188449848, "Raw Pitch Accuracy": 0.9211695698542481, "Raw Chroma Accuracy": 0.9212140063988624, "Overall Accuracy": 0.9460716041291168}