{"Voicing Recall": 0.9659900328187675, "Voicing False Alarm": 0.02110370630188238, "Raw Pitch Accuracy": 0.9465661845144038, "Raw Chroma Accuracy": 0.9475629026376565, "Overall Accuracy": 0.9535084343105896}