{"Voicing Recall": 0.9699729264090573, "Voicing False Alarm": 0.01622239817014164, "Raw Pitch Accuracy": 0.9031503814915087, "Raw Chroma Accuracy": 0.9032426778242678, "Overall Accuracy": 0.9495852875004197}