{"Voicing Recall": 0.9953807454836496, "Voicing False Alarm": 0.01123914970480507, "Raw Pitch Accuracy": 0.8605991310313286, "Raw Chroma Accuracy": 0.9798307797850446, "Overall Accuracy": 0.9335497145506709}