{"Voicing Recall": 0.9482346513692549, "Voicing False Alarm": 0.030343998798257475, "Raw Pitch Accuracy": 0.900839991804958, "Raw Chroma Accuracy": 0.9040838625964625, "Overall Accuracy": 0.907798458670673}