{"Voicing Recall": 0.9888268156424581, "Voicing False Alarm": 0.02664668708059157, "Raw Pitch Accuracy": 0.9462413015779673, "Raw Chroma Accuracy": 0.9462413015779673, "Overall Accuracy": 0.9542441616557125}