{"Voicing Recall": 0.9816776503132373, "Voicing False Alarm": 0.02206723696398409, "Raw Pitch Accuracy": 0.9534781547473762, "Raw Chroma Accuracy": 0.9535106988853633, "Overall Accuracy": 0.9566222837990648}