{"Voicing Recall": 0.9708672086720868, "Voicing False Alarm": 0.10025220680958385, "Raw Pitch Accuracy": 0.8658536585365854, "Raw Chroma Accuracy": 0.8658536585365854, "Overall Accuracy": 0.8643165946125707}