{"Voicing Recall": 0.9810818320752096, "Voicing False Alarm": 0.03901170351105332, "Raw Pitch Accuracy": 0.9218959848098921, "Raw Chroma Accuracy": 0.9218959848098921, "Overall Accuracy": 0.9239831984427825}