{"Voicing Recall": 0.9735878533417957, "Voicing False Alarm": 0.01723404255319149, "Raw Pitch Accuracy": 0.9006004979739296, "Raw Chroma Accuracy": 0.9006004979739296, "Overall Accuracy": 0.9342972787210753}