{"Voicing Recall": 0.9922165200391007, "Voicing False Alarm": 0.045816467239001825, "Raw Pitch Accuracy": 0.9624755620723363, "Raw Chroma Accuracy": 0.964882697947214, "Overall Accuracy": 0.9577841470077932}