{"Voicing Recall": 0.9818021607539652, "Voicing False Alarm": 0.06009828882704719, "Raw Pitch Accuracy": 0.7899777794804996, "Raw Chroma Accuracy": 0.7926978775572753, "Overall Accuracy": 0.8438742992719407}