{"Voicing Recall": 0.9953362033620337, "Voicing False Alarm": 0.09232613908872901, "Raw Pitch Accuracy": 0.9007790077900779, "Raw Chroma Accuracy": 0.9007790077900779, "Overall Accuracy": 0.8992459344053784}