{"Voicing Recall": 0.9939434087252768, "Voicing False Alarm": 0.026890583144446735, "Raw Pitch Accuracy": 0.931674079682029, "Raw Chroma Accuracy": 0.931674079682029, "Overall Accuracy": 0.942639429312581}