{"Voicing Recall": 0.9477091633466136, "Voicing False Alarm": 0.08080808080808081, "Raw Pitch Accuracy": 0.7704183266932271, "Raw Chroma Accuracy": 0.7704183266932271, "Overall Accuracy": 0.7809798270893372}