{"Voicing Recall": 0.9871497880152105, "Voicing False Alarm": 0.027473958333333333, "Raw Pitch Accuracy": 0.9633725250229468, "Raw Chroma Accuracy": 0.9633725250229468, "Overall Accuracy": 0.9629958942440964}