{"Voicing Recall": 0.9791033434650456, "Voicing False Alarm": 0.05775500698649278, "Raw Pitch Accuracy": 0.9295212765957447, "Raw Chroma Accuracy": 0.9305661094224924, "Overall Accuracy": 0.9233136094674557}