{"Voicing Recall": 0.9733115935810521, "Voicing False Alarm": 0.05386863168593571, "Raw Pitch Accuracy": 0.8863811893932892, "Raw Chroma Accuracy": 0.8886981893074745, "Overall Accuracy": 0.9041692276172916}