{"Voicing Recall": 0.9922515609719401, "Voicing False Alarm": 0.018485915492957746, "Raw Pitch Accuracy": 0.9737455803806515, "Raw Chroma Accuracy": 0.9737455803806515, "Overall Accuracy": 0.9755098911209937}