{"Voicing Recall": 0.813141683778234, "Voicing False Alarm": 0.006910881250282307, "Raw Pitch Accuracy": 0.4134154688569473, "Raw Chroma Accuracy": 0.4989733059548255, "Overall Accuracy": 0.9567372881355932}