{"Voicing Recall": 0.981251464729318, "Voicing False Alarm": 0.045914396887159536, "Raw Pitch Accuracy": 0.8889149285212092, "Raw Chroma Accuracy": 0.8889149285212092, "Overall Accuracy": 0.908439373994442}