{"Voicing Recall": 0.9920078184384841, "Voicing False Alarm": 0.02615311459819306, "Raw Pitch Accuracy": 0.9679878379845803, "Raw Chroma Accuracy": 0.9679878379845803, "Overall Accuracy": 0.9666957374904611}