{"Voicing Recall": 0.9834604268950868, "Voicing False Alarm": 0.008119349005424955, "Raw Pitch Accuracy": 0.9608621470106898, "Raw Chroma Accuracy": 0.9609317873184999, "Overall Accuracy": 0.9788143158095193}