{"Voicing Recall": 0.9403249681572515, "Voicing False Alarm": 0.01627225405712786, "Raw Pitch Accuracy": 0.9104788460876451, "Raw Chroma Accuracy": 0.9113738855038039, "Overall Accuracy": 0.9479401015148285}