{"Voicing Recall": 0.9737292357005176, "Voicing False Alarm": 0.005564444625622942, "Raw Pitch Accuracy": 0.8914950295627314, "Raw Chroma Accuracy": 0.8919714984947913, "Overall Accuracy": 0.9574555081221933}