{"Voicing Recall": 0.9802608389143461, "Voicing False Alarm": 0.006573797145667316, "Raw Pitch Accuracy": 0.9538949594642228, "Raw Chroma Accuracy": 0.9545059334978263, "Overall Accuracy": 0.9793590401777865}