{"Voicing Recall": 0.989653574921501, "Voicing False Alarm": 0.03463451970914658, "Raw Pitch Accuracy": 0.9635816132187163, "Raw Chroma Accuracy": 0.9635816132187163, "Overall Accuracy": 0.9590013052645671}