{"Voicing Recall": 0.9899869830780014, "Voicing False Alarm": 0.06217995610826628, "Raw Pitch Accuracy": 0.9507359567437669, "Raw Chroma Accuracy": 0.9507359567437669, "Overall Accuracy": 0.9421429132929802}