{"Voicing Recall": 0.9082706766917293, "Voicing False Alarm": 0.05359477124183006, "Raw Pitch Accuracy": 0.7806390977443609, "Raw Chroma Accuracy": 0.8080827067669173, "Overall Accuracy": 0.851564076690212}