{"Voicing Recall": 0.9872714548158517, "Voicing False Alarm": 0.0038687628161312372, "Raw Pitch Accuracy": 0.983684716997638, "Raw Chroma Accuracy": 0.9837721984078384, "Overall Accuracy": 0.9911781860600758}