{"Voicing Recall": 0.9904551550051274, "Voicing False Alarm": 0.011832212109220419, "Raw Pitch Accuracy": 0.9760195629880887, "Raw Chroma Accuracy": 0.9760195629880887, "Overall Accuracy": 0.9796539190897599}