{"Voicing Recall": 0.986039219055392, "Voicing False Alarm": 0.021771103807673452, "Raw Pitch Accuracy": 0.9594493008870465, "Raw Chroma Accuracy": 0.9594493008870465, "Overall Accuracy": 0.9651192537783375}