{"Voicing Recall": 0.9805466127816974, "Voicing False Alarm": 0.017897670142779168, "Raw Pitch Accuracy": 0.9534214672237824, "Raw Chroma Accuracy": 0.9534214672237824, "Overall Accuracy": 0.9607790753886472}