{"Voicing Recall": 0.9922906959988472, "Voicing False Alarm": 0.018758235795674753, "Raw Pitch Accuracy": 0.9759834766319228, "Raw Chroma Accuracy": 0.9759834766319228, "Overall Accuracy": 0.9752965599051008}