{"Voicing Recall": 0.9808201058201058, "Voicing False Alarm": 0.07702874049027895, "Raw Pitch Accuracy": 0.8513374485596708, "Raw Chroma Accuracy": 0.9051293356848913, "Overall Accuracy": 0.8751733703190014}