{"Voicing Recall": 0.9792374480936202, "Voicing False Alarm": 0.02212279393487447, "Raw Pitch Accuracy": 0.9292814898703914, "Raw Chroma Accuracy": 0.9292814898703914, "Overall Accuracy": 0.9390977443609022}