{"Voicing Recall": 0.9673008323424495, "Voicing False Alarm": 0.010018701576275714, "Raw Pitch Accuracy": 0.9375743162901308, "Raw Chroma Accuracy": 0.9381688466111772, "Overall Accuracy": 0.9654484519629748}