{"Voicing Recall": 0.9866710625470987, "Voicing False Alarm": 0.08741258741258741, "Raw Pitch Accuracy": 0.9221458176337604, "Raw Chroma Accuracy": 0.9221458176337604, "Overall Accuracy": 0.9152678776730283}