{"Voicing Recall": 0.994096184521736, "Voicing False Alarm": 0.011039152193111568, "Raw Pitch Accuracy": 0.9750096257861058, "Raw Chroma Accuracy": 0.9762380594415211, "Overall Accuracy": 0.980846008768707}