{"Voicing Recall": 0.9061789816350347, "Voicing False Alarm": 0.021861861861861863, "Raw Pitch Accuracy": 0.8581782445795713, "Raw Chroma Accuracy": 0.8755604692586451, "Overall Accuracy": 0.9010028329596608}