{"Voicing Recall": 0.9859224256743453, "Voicing False Alarm": 0.019972540438494873, "Raw Pitch Accuracy": 0.9456192163811774, "Raw Chroma Accuracy": 0.9456192163811774, "Overall Accuracy": 0.9581331362161718}