{"Voicing Recall": 0.9941354770690564, "Voicing False Alarm": 0.0029145033821795065, "Raw Pitch Accuracy": 0.9855693199789141, "Raw Chroma Accuracy": 0.9855693199789141, "Overall Accuracy": 0.9926815916097618}