{"Voicing Recall": 0.932707689026341, "Voicing False Alarm": 0.04396377385034731, "Raw Pitch Accuracy": 0.6177882051828943, "Raw Chroma Accuracy": 0.8321424762717287, "Overall Accuracy": 0.8006265060240964}