{"Voicing Recall": 0.9769307923771314, "Voicing False Alarm": 0.04128440366972477, "Raw Pitch Accuracy": 0.9090127525433443, "Raw Chroma Accuracy": 0.9090127525433443, "Overall Accuracy": 0.9134325019572754}