{"Voicing Recall": 0.9921767669058159, "Voicing False Alarm": 0.0243513882567137, "Raw Pitch Accuracy": 0.9642421004426805, "Raw Chroma Accuracy": 0.9642421004426805, "Overall Accuracy": 0.964420438957476}