{"Voicing Recall": 0.9915043909889271, "Voicing False Alarm": 0.022782874617737002, "Raw Pitch Accuracy": 0.9611492936235204, "Raw Chroma Accuracy": 0.9611492936235204, "Overall Accuracy": 0.9643864598025388}