{"Voicing Recall": 0.9898590250835478, "Voicing False Alarm": 0.004128805993942292, "Raw Pitch Accuracy": 0.9761456612760727, "Raw Chroma Accuracy": 0.9761456612760727, "Overall Accuracy": 0.9887903743676982}