{"Voicing Recall": 0.9850401778081723, "Voicing False Alarm": 0.029200463499420626, "Raw Pitch Accuracy": 0.915883056932809, "Raw Chroma Accuracy": 0.915883056932809, "Overall Accuracy": 0.9365407319952774}