{"Voicing Recall": 0.9783477463312369, "Voicing False Alarm": 0.013937372326946449, "Raw Pitch Accuracy": 0.9473598008385744, "Raw Chroma Accuracy": 0.947539963312369, "Overall Accuracy": 0.956502120747225}