{"Voicing Recall": 0.9897911688956466, "Voicing False Alarm": 0.007000454574972401, "Raw Pitch Accuracy": 0.9765414093772302, "Raw Chroma Accuracy": 0.9767586185496633, "Overall Accuracy": 0.9863489040669462}