{"Voicing Recall": 0.973944143598713, "Voicing False Alarm": 0.013785272242093909, "Raw Pitch Accuracy": 0.9195004092249391, "Raw Chroma Accuracy": 0.919590102362293, "Overall Accuracy": 0.9457231831567545}