{"Voicing Recall": 0.9605164136499287, "Voicing False Alarm": 0.0087554435021774, "Raw Pitch Accuracy": 0.9542623588945115, "Raw Chroma Accuracy": 0.9578045932269366, "Overall Accuracy": 0.9554836426151591}