{"Voicing Recall": 0.9916526578169381, "Voicing False Alarm": 0.008659211409784446, "Raw Pitch Accuracy": 0.9747261028346182, "Raw Chroma Accuracy": 0.9747261028346182, "Overall Accuracy": 0.9845637139737269}