{"Voicing Recall": 0.9703501289680007, "Voicing False Alarm": 0.009415768576290414, "Raw Pitch Accuracy": 0.9516050769977271, "Raw Chroma Accuracy": 0.9516050769977271, "Overall Accuracy": 0.9650134563629373}