{"Voicing Recall": 0.9645222858425957, "Voicing False Alarm": 0.08043106847154685, "Raw Pitch Accuracy": 0.8710377605628532, "Raw Chroma Accuracy": 0.8711126080610756, "Overall Accuracy": 0.8662685697640548}