{"Voicing Recall": 0.9918265607790853, "Voicing False Alarm": 0.0294737329536246, "Raw Pitch Accuracy": 0.9484087878963539, "Raw Chroma Accuracy": 0.9484667555504028, "Overall Accuracy": 0.9642136262863572}