{"Voicing Recall": 0.9883091311838543, "Voicing False Alarm": 0.06175771971496437, "Raw Pitch Accuracy": 0.8447883337435392, "Raw Chroma Accuracy": 0.8475264582820576, "Overall Accuracy": 0.904241148882347}