{"Voicing Recall": 0.9967652147746935, "Voicing False Alarm": 0.06648715824357912, "Raw Pitch Accuracy": 0.9590762055217031, "Raw Chroma Accuracy": 0.9591514330850823, "Overall Accuracy": 0.9439349792976537}