{"Voicing Recall": 0.9974388291790532, "Voicing False Alarm": 0.035573915806726766, "Raw Pitch Accuracy": 0.9731763091699063, "Raw Chroma Accuracy": 0.9781614452321061, "Overall Accuracy": 0.9681224099458081}