{"Voicing Recall": 0.9817355919371629, "Voicing False Alarm": 0.060993200082423246, "Raw Pitch Accuracy": 0.8900823317876407, "Raw Chroma Accuracy": 0.8900823317876407, "Overall Accuracy": 0.9054798962386511}