{"Voicing Recall": 0.9723605577689243, "Voicing False Alarm": 0.3393939393939394, "Raw Pitch Accuracy": 0.7064243027888446, "Raw Chroma Accuracy": 0.709910358565737, "Overall Accuracy": 0.7013965861228109}