{"Voicing Recall": 0.9838853844778711, "Voicing False Alarm": 0.035598411798071466, "Raw Pitch Accuracy": 0.8359169497152489, "Raw Chroma Accuracy": 0.8453405521362719, "Overall Accuracy": 0.9039552095347944}