{"Voicing Recall": 0.9592237989399898, "Voicing False Alarm": 0.08933951332560834, "Raw Pitch Accuracy": 0.8421097623525389, "Raw Chroma Accuracy": 0.8668148401436143, "Overall Accuracy": 0.8712121212121212}