{"Voicing Recall": 0.9946794816785377, "Voicing False Alarm": 0.16999110659382544, "Raw Pitch Accuracy": 0.8537715609714237, "Raw Chroma Accuracy": 0.8623530421350725, "Overall Accuracy": 0.8441917639827904}