{"Voicing Recall": 0.9564177832488991, "Voicing False Alarm": 0.016884718823933838, "Raw Pitch Accuracy": 0.9246721272667013, "Raw Chroma Accuracy": 0.930093272098859, "Overall Accuracy": 0.956191722558482}