{"Voicing Recall": 0.9801505817932923, "Voicing False Alarm": 0.03148290347350829, "Raw Pitch Accuracy": 0.6687200547570158, "Raw Chroma Accuracy": 0.6858316221765913, "Overall Accuracy": 0.9499576271186441}