{"Voicing Recall": 0.9976542258945452, "Voicing False Alarm": 0.06428454351745616, "Raw Pitch Accuracy": 0.9556403613192354, "Raw Chroma Accuracy": 0.9561305230726139, "Overall Accuracy": 0.9453501955406572}