{"Voicing Recall": 0.8639964488151335, "Voicing False Alarm": 0.10094637223974763, "Raw Pitch Accuracy": 0.6696715153998497, "Raw Chroma Accuracy": 0.6748275626579253, "Overall Accuracy": 0.7121553570931753}