{"Voicing Recall": 0.9845250035821751, "Voicing False Alarm": 0.218144750254842, "Raw Pitch Accuracy": 0.8498352199455509, "Raw Chroma Accuracy": 0.8665997993981945, "Overall Accuracy": 0.8349177944301532}