{"Voicing Recall": 0.9905419974517299, "Voicing False Alarm": 0.05844028926965926, "Raw Pitch Accuracy": 0.9034107615407233, "Raw Chroma Accuracy": 0.9034107615407233, "Overall Accuracy": 0.91978744231576}