{"Voicing Recall": 0.9796992481203007, "Voicing False Alarm": 0.1934640522875817, "Raw Pitch Accuracy": 0.7765037593984963, "Raw Chroma Accuracy": 0.8116541353383459, "Overall Accuracy": 0.7904137235116044}