{"Voicing Recall": 0.9367236934614483, "Voicing False Alarm": 0.13735408560311285, "Raw Pitch Accuracy": 0.7782985704241856, "Raw Chroma Accuracy": 0.8125146472931802, "Overall Accuracy": 0.8100043878894252}