{"Voicing Recall": 0.9953853435355368, "Voicing False Alarm": 0.04499406410763752, "Raw Pitch Accuracy": 0.9519602429596907, "Raw Chroma Accuracy": 0.9527490731245563, "Overall Accuracy": 0.9534805625790139}