{"Voicing Recall": 0.9509105863000823, "Voicing False Alarm": 0.021859130050783836, "Raw Pitch Accuracy": 0.8656092116085067, "Raw Chroma Accuracy": 0.881518035483492, "Overall Accuracy": 0.9444628075924976}