{"Voicing Recall": 0.9950524207798327, "Voicing False Alarm": 0.2513255567338282, "Raw Pitch Accuracy": 0.9672517375427023, "Raw Chroma Accuracy": 0.9673695370479444, "Overall Accuracy": 0.9453986429177269}