{"Voicing Recall": 0.9677176592707928, "Voicing False Alarm": 0.09507219802887922, "Raw Pitch Accuracy": 0.8529129362916829, "Raw Chroma Accuracy": 0.8569093032308291, "Overall Accuracy": 0.8643879253678516}