{"Voicing Recall": 0.9718190525307596, "Voicing False Alarm": 0.08742644409751411, "Raw Pitch Accuracy": 0.8147056656597658, "Raw Chroma Accuracy": 0.821925882266264, "Overall Accuracy": 0.8376793617681053}