{"Voicing Recall": 0.9835401641652047, "Voicing False Alarm": 0.028403126687932493, "Raw Pitch Accuracy": 0.8249193251467307, "Raw Chroma Accuracy": 0.8350334611136379, "Overall Accuracy": 0.9246618062870766}