{"Voicing Recall": 0.9978548248106929, "Voicing False Alarm": 0.038018840153076244, "Raw Pitch Accuracy": 0.9231403897985002, "Raw Chroma Accuracy": 0.9575548669808034, "Overall Accuracy": 0.9446852981278729}