{"Voicing Recall": 0.9702747027470274, "Voicing False Alarm": 0.2490007993605116, "Raw Pitch Accuracy": 0.8481447314473145, "Raw Chroma Accuracy": 0.848759737597376, "Overall Accuracy": 0.8371036613064413}