{"Voicing Recall": 0.973818785786092, "Voicing False Alarm": 0.0611328125, "Raw Pitch Accuracy": 0.889461952008392, "Raw Chroma Accuracy": 0.8975042615498929, "Overall Accuracy": 0.9093072517586757}