{"Voicing Recall": 0.9980409480275035, "Voicing False Alarm": 0.015877570540411286, "Raw Pitch Accuracy": 0.9173741021011793, "Raw Chroma Accuracy": 0.9635462681980563, "Overall Accuracy": 0.9645460383267803}