{"Voicing Recall": 0.9698568198944989, "Voicing False Alarm": 0.2206910736322501, "Raw Pitch Accuracy": 0.8668519216277317, "Raw Chroma Accuracy": 0.867699698568199, "Overall Accuracy": 0.8505403541043918}