{"Voicing Recall": 0.9944586438712172, "Voicing False Alarm": 0.0925862037659107, "Raw Pitch Accuracy": 0.9099207457204836, "Raw Chroma Accuracy": 0.9236882235443201, "Overall Accuracy": 0.9085622638539043}