{"Voicing Recall": 0.9618019351294385, "Voicing False Alarm": 0.051291659569636064, "Raw Pitch Accuracy": 0.8343479869496485, "Raw Chroma Accuracy": 0.8363324476136019, "Overall Accuracy": 0.8911642915975584}