{"Voicing Recall": 0.9291884397995095, "Voicing False Alarm": 0.13971687329640375, "Raw Pitch Accuracy": 0.5394049269489176, "Raw Chroma Accuracy": 0.7721019515836621, "Overall Accuracy": 0.7152771084337349}