{"Voicing Recall": 0.9299797309747558, "Voicing False Alarm": 0.10842842842842842, "Raw Pitch Accuracy": 0.7919660954486825, "Raw Chroma Accuracy": 0.8023155825809225, "Overall Accuracy": 0.8352016962997724}