{"Voicing Recall": 0.8775048875855328, "Voicing False Alarm": 0.09625906320893199, "Raw Pitch Accuracy": 0.8067570869990225, "Raw Chroma Accuracy": 0.8276392961876833, "Overall Accuracy": 0.827656943472551}