{"Voicing Recall": 0.912024605770639, "Voicing False Alarm": 0.05856382978723404, "Raw Pitch Accuracy": 0.7319240345652492, "Raw Chroma Accuracy": 0.7595078845872186, "Overall Accuracy": 0.8321920423592902}