{"Voicing Recall": 0.9888300999412111, "Voicing False Alarm": 0.26014370245139473, "Raw Pitch Accuracy": 0.7261169900058789, "Raw Chroma Accuracy": 0.8743386243386243, "Overall Accuracy": 0.7317527739251041}