{"Voicing Recall": 0.9912042567053969, "Voicing False Alarm": 0.0783130326639599, "Raw Pitch Accuracy": 0.9345205776957325, "Raw Chroma Accuracy": 0.934868063850581, "Overall Accuracy": 0.9297394527417421}