{"Voicing Recall": 0.992141012686651, "Voicing False Alarm": 0.43737679064266, "Raw Pitch Accuracy": 0.7984731110362636, "Raw Chroma Accuracy": 0.8060701321058343, "Overall Accuracy": 0.7461986600640839}