{"Voicing Recall": 0.9936710609954951, "Voicing False Alarm": 0.045909873303422784, "Raw Pitch Accuracy": 0.914794240389133, "Raw Chroma Accuracy": 0.9168393997180997, "Overall Accuracy": 0.9342380832705035}