{"Voicing Recall": 0.9931865828092243, "Voicing False Alarm": 0.08546014014945828, "Raw Pitch Accuracy": 0.865484145702306, "Raw Chroma Accuracy": 0.8787834119496856, "Overall Accuracy": 0.8845070140079616}