{"Voicing Recall": 0.9443338118834808, "Voicing False Alarm": 0.14947984395318595, "Raw Pitch Accuracy": 0.7991478719955541, "Raw Chroma Accuracy": 0.8202426712360488, "Overall Accuracy": 0.8126387323703173}