{"Voicing Recall": 0.9279499313081973, "Voicing False Alarm": 0.034934000910332275, "Raw Pitch Accuracy": 0.8703633033124714, "Raw Chroma Accuracy": 0.8703633033124714, "Overall Accuracy": 0.8941472336534065}