{"Voicing Recall": 0.9594086256670458, "Voicing False Alarm": 0.008475734791524265, "Raw Pitch Accuracy": 0.8452016446505117, "Raw Chroma Accuracy": 0.9196045840258945, "Overall Accuracy": 0.9566824980210807}