{"Voicing Recall": 0.985624777817277, "Voicing False Alarm": 0.0902355623100304, "Raw Pitch Accuracy": 0.8756665481692144, "Raw Chroma Accuracy": 0.8793325630998934, "Overall Accuracy": 0.8940480091758152}