{"Voicing Recall": 0.9755660563102972, "Voicing False Alarm": 0.062191616252627965, "Raw Pitch Accuracy": 0.8690884032289821, "Raw Chroma Accuracy": 0.889722386296515, "Overall Accuracy": 0.9019752782226602}