{"Voicing Recall": 0.9648183665874674, "Voicing False Alarm": 0.040366509144691747, "Raw Pitch Accuracy": 0.748776228780809, "Raw Chroma Accuracy": 0.7650072996879741, "Overall Accuracy": 0.8420691416350113}