{"Voicing Recall": 0.9756049577021444, "Voicing False Alarm": 0.2155111633372503, "Raw Pitch Accuracy": 0.7434585874483572, "Raw Chroma Accuracy": 0.7755262640173126, "Overall Accuracy": 0.7555648013313917}