{"Voicing Recall": 0.9870189773326304, "Voicing False Alarm": 0.011386896935026909, "Raw Pitch Accuracy": 0.9620453347390617, "Raw Chroma Accuracy": 0.9621112282551397, "Overall Accuracy": 0.980868412712133}