{"Voicing Recall": 0.9616207373851768, "Voicing False Alarm": 0.09371116082525478, "Raw Pitch Accuracy": 0.8437146092865232, "Raw Chroma Accuracy": 0.8440921102302755, "Overall Accuracy": 0.8647451963241437}