{"Voicing Recall": 0.9697380307136405, "Voicing False Alarm": 0.25220680958385877, "Raw Pitch Accuracy": 0.7992321589882565, "Raw Chroma Accuracy": 0.7994579945799458, "Overall Accuracy": 0.7856667775191221}