{"Voicing Recall": 0.9879549081175684, "Voicing False Alarm": 0.11361461921163414, "Raw Pitch Accuracy": 0.8854429402378133, "Raw Chroma Accuracy": 0.9348844391825809, "Overall Accuracy": 0.8857726162187489}