{"Voicing Recall": 0.9156779864546808, "Voicing False Alarm": 0.04197349042709867, "Raw Pitch Accuracy": 0.8207887026274077, "Raw Chroma Accuracy": 0.8780681108602719, "Overall Accuracy": 0.8732947805456702}