{"Voicing Recall": 0.9088764136359938, "Voicing False Alarm": 0.05282515120143846, "Raw Pitch Accuracy": 0.8006996989667237, "Raw Chroma Accuracy": 0.8010902286225694, "Overall Accuracy": 0.8554721325169874}