{"Voicing Recall": 0.9702034385916843, "Voicing False Alarm": 0.05889281507656066, "Raw Pitch Accuracy": 0.8665205379363884, "Raw Chroma Accuracy": 0.8887366714615156, "Overall Accuracy": 0.8995496526982673}