{"Voicing Recall": 0.9824060570329227, "Voicing False Alarm": 0.02711864406779661, "Raw Pitch Accuracy": 0.9363266825953394, "Raw Chroma Accuracy": 0.9363266825953394, "Overall Accuracy": 0.9620955485158668}