{"Voicing Recall": 0.922299095263438, "Voicing False Alarm": 0.15670650730411687, "Raw Pitch Accuracy": 0.6745609366684406, "Raw Chroma Accuracy": 0.6905268759978712, "Overall Accuracy": 0.7379092571048695}