{"Voicing Recall": 0.7962408344521326, "Voicing False Alarm": 0.03235495676771211, "Raw Pitch Accuracy": 0.7297153086164756, "Raw Chroma Accuracy": 0.7365658026093841, "Overall Accuracy": 0.8585265351552325}