{"Voicing Recall": 0.9778712326023831, "Voicing False Alarm": 0.17264081931236283, "Raw Pitch Accuracy": 0.8953639731651146, "Raw Chroma Accuracy": 0.8953639731651146, "Overall Accuracy": 0.8807483688389277}