{"Voicing Recall": 0.9478533434650456, "Voicing False Alarm": 0.2151839776432231, "Raw Pitch Accuracy": 0.833016717325228, "Raw Chroma Accuracy": 0.8334916413373861, "Overall Accuracy": 0.8248520710059172}