{"Voicing Recall": 0.9722134435395648, "Voicing False Alarm": 0.08988074359873728, "Raw Pitch Accuracy": 0.8260362221952109, "Raw Chroma Accuracy": 0.8262793241764921, "Overall Accuracy": 0.8642148990669835}