{"Voicing Recall": 0.9585810543004359, "Voicing False Alarm": 0.03967405824205183, "Raw Pitch Accuracy": 0.8769322235434007, "Raw Chroma Accuracy": 0.8777249306381292, "Overall Accuracy": 0.9267475263325886}