{"Voicing Recall": 0.9704085528827797, "Voicing False Alarm": 0.031804281345565746, "Raw Pitch Accuracy": 0.893184421534937, "Raw Chroma Accuracy": 0.9090301641848033, "Overall Accuracy": 0.9220145745181006}