{"Voicing Recall": 0.9745782995931016, "Voicing False Alarm": 0.058901722682282776, "Raw Pitch Accuracy": 0.9208752724203525, "Raw Chroma Accuracy": 0.9305249366976984, "Overall Accuracy": 0.929211403184006}