{"Voicing Recall": 0.9561678146524734, "Voicing False Alarm": 0.025307302964569775, "Raw Pitch Accuracy": 0.7863285326654144, "Raw Chroma Accuracy": 0.7977040283865582, "Overall Accuracy": 0.8884268685536214}