{"Voicing Recall": 0.9707302122442725, "Voicing False Alarm": 0.16863046953638464, "Raw Pitch Accuracy": 0.7132020534824918, "Raw Chroma Accuracy": 0.7135851658876714, "Overall Accuracy": 0.7596241073713103}