{"Voicing Recall": 0.9159093283192312, "Voicing False Alarm": 0.022459312839059675, "Raw Pitch Accuracy": 0.8424736237334169, "Raw Chroma Accuracy": 0.8491590932831923, "Overall Accuracy": 0.9313726657065664}